vs_gk_13,training
vs_gk_24,training
vs_gk_170,training
vs_gk_26,training
vs_gk_36,training
vs_gk_14,training
vs_gk_66,training
vs_gk_142,training
vs_gk_114,training
vs_gk_50,training
vs_gk_125,training
vs_gk_4,training
vs_gk_7,training
vs_gk_200,validation
vs_gk_182,validation
vs_gk_202,testing
vs_gk_203,testing
vs_gk_204,testing
vs_gk_205,testing
vs_gk_206,testing
vs_gk_207,testing
vs_gk_209,testing
vs_gk_210,testing
vs_gk_211,testing
vs_gk_212,testing
vs_gk_213,testing
vs_gk_214,testing
vs_gk_215,testing
vs_gk_216,testing
vs_gk_217,testing
vs_gk_218,testing
vs_gk_220,testing
vs_gk_221,testing
vs_gk_222,testing
vs_gk_223,testing
vs_gk_224,testing
vs_gk_225,testing
vs_gk_226,testing
vs_gk_228,testing
vs_gk_229,testing
vs_gk_230,testing
vs_gk_231,testing
vs_gk_232,testing
vs_gk_233,testing
vs_gk_234,testing
vs_gk_235,testing
vs_gk_236,testing
vs_gk_237,testing
vs_gk_238,testing
vs_gk_239,testing
vs_gk_240,testing
vs_gk_241,testing
vs_gk_242,testing
vs_gk_243,testing
vs_gk_244,testing
vs_gk_245,testing
vs_gk_246,testing
vs_gk_247,testing
vs_gk_248,testing
vs_gk_249,testing
vs_gk_250,testing
